date,source,amount,strategy,platform,notes
2026-05-02T20:41:54.563792+00:00,"micro_tasks",0.0260,"micro_tasks","freelance","auto-generated"
2026-05-02T20:41:54.564405+00:00,"content_creation",0.0332,"content_creation","content","auto-generated"
2026-05-02T21:11:54.818452+00:00,"micro_tasks",0.0193,"micro_tasks","freelance","auto-generated"
2026-05-02T21:11:54.818880+00:00,"content_creation",0.0065,"content_creation","content","auto-generated"
2026-05-02T21:41:55.020152+00:00,"micro_tasks",0.0321,"micro_tasks","freelance","auto-generated"
2026-05-02T21:41:55.020555+00:00,"content_creation",0.0347,"content_creation","content","auto-generated"
2026-05-02T22:11:55.226850+00:00,"micro_tasks",0.0208,"micro_tasks","freelance","auto-generated"
2026-05-02T22:11:55.227339+00:00,"content_creation",0.0299,"content_creation","content","auto-generated"
2026-05-02T22:41:55.437309+00:00,"micro_tasks",0.0194,"micro_tasks","freelance","auto-generated"
2026-05-02T22:41:55.437757+00:00,"content_creation",0.0367,"content_creation","content","auto-generated"
2026-05-02T23:11:55.635839+00:00,"micro_tasks",0.0262,"micro_tasks","freelance","auto-generated"
2026-05-02T23:11:55.636544+00:00,"content_creation",0.0266,"content_creation","content","auto-generated"
2026-05-02T23:41:55.848090+00:00,"micro_tasks",0.0235,"micro_tasks","freelance","auto-generated"
2026-05-02T23:41:55.848505+00:00,"content_creation",0.0419,"content_creation","content","auto-generated"
2026-05-03T00:11:56.081930+00:00,"micro_tasks",0.0186,"micro_tasks","freelance","auto-generated"
2026-05-03T00:11:56.082842+00:00,"content_creation",0.0461,"content_creation","content","auto-generated"
2026-05-03T00:41:56.320220+00:00,"micro_tasks",0.0227,"micro_tasks","freelance","auto-generated"
2026-05-03T00:41:56.321046+00:00,"content_creation",0.0339,"content_creation","content","auto-generated"
2026-05-03T01:11:56.575270+00:00,"micro_tasks",0.0263,"micro_tasks","freelance","auto-generated"
2026-05-03T01:11:56.575829+00:00,"content_creation",0.0248,"content_creation","content","auto-generated"
2026-05-03T01:41:56.773631+00:00,"micro_tasks",0.0201,"micro_tasks","freelance","auto-generated"
2026-05-03T01:41:56.774211+00:00,"content_creation",0.0261,"content_creation","content","auto-generated"
2026-05-03T02:11:56.967491+00:00,"micro_tasks",0.0209,"micro_tasks","freelance","auto-generated"
2026-05-03T02:11:56.968099+00:00,"content_creation",0.0394,"content_creation","content","auto-generated"
2026-05-03T02:41:57.158809+00:00,"micro_tasks",0.0125,"micro_tasks","freelance","auto-generated"
2026-05-03T02:41:57.159213+00:00,"content_creation",0.0369,"content_creation","content","auto-generated"
